Job Title,Company,Experience,Location,Salary,Skills,Job Description,Posted Date,Job URL
Java Developer - Fresher - Urgent Opening,N/A,0-1 Yrs,"Hybrid - Hyderabad, Chennai, Bengaluru",3-4.25 Lacs PA,N/A,N/A,N/A,https://www.naukri.com/job-listings-java-developer-fresher-urgent-opening-fallyn-technologies-hyderabad-chennai-bengaluru-0-to-1-years-040625020868
JAVA Developer-for Udaipur,N/A,0-1 Yrs,Udaipur(Udaipur),3-5 Lacs PA,N/A,N/A,N/A,https://www.naukri.com/job-listings-java-developer-for-udaipur-placement-pandits-udaipur-0-to-1-years-020625004034
Java Back End Developer - Fresher,N/A,0 Yrs,Visakhapatnam,N/A,N/A,N/A,N/A,https://www.naukri.com/job-listings-java-back-end-developer-fresher-shvintech-india-visakhapatnam-0-to-0-years-080524010245
Fresher Java Developer,N/A,0-2 Yrs,"haryana,haryana",N/A,N/A,N/A,N/A,https://www.naukri.com/job-listings-fresher-java-developer-tecwallet-llc-haryana-haryana-0-to-2-years-270318500716
Java Developer,N/A,0-1 Yrs,Remote,N/A,N/A,N/A,N/A,https://www.naukri.com/job-listings-java-developer-ignitefortune-tech-pune-0-to-1-years-140625000176
FRESHER JR JAVA DEVELOPERS,N/A,0-1 Yrs,Pune,N/A,N/A,N/A,N/A,https://www.naukri.com/job-listings-fresher-jr-java-developers-godigi-infotech-pune-0-to-1-years-191023501363
Java Developer,N/A,0-5 Yrs,Bhopal,N/A,N/A,N/A,N/A,https://www.naukri.com/job-listings-java-developer-dezven-software-solution-bhopal-0-to-5-years-220321500807
Java - Developer,N/A,0-1 Yrs,Pune,N/A,N/A,N/A,N/A,https://www.naukri.com/job-listings-java-developer-godigi-infotech-pune-0-to-1-years-140224501786
Java developer - Chennai - Online written test,N/A,16 Jun,Chennai,N/A,N/A,N/A,N/A,https://www.naukri.com/job-listings-java-developer-chennai-online-written-test-rbz-infotech-chennai-0-to-0-years-130625018929
JAVA DEVELOPER,N/A,0-1 Yrs,Pune,N/A,N/A,N/A,N/A,https://www.naukri.com/job-listings-java-developer-godigi-infotech-pune-0-to-1-years-100524501464
Java Developer,N/A,0-1 Yrs,"Mumbai, Pune",N/A,N/A,N/A,N/A,https://www.naukri.com/job-listings-java-developer-godigi-infotech-mumbai-pune-0-to-1-years-100524500135
Java Developers,N/A,0-4 Yrs,Ahmedabad,N/A,N/A,N/A,N/A,https://www.naukri.com/job-listings-java-developers-xomic-infotech-private-limited-ahmedabad-0-to-4-years-270524500415
JAVA DEVELOPER,N/A,0-1 Yrs,Pune,N/A,N/A,N/A,N/A,https://www.naukri.com/job-listings-java-developer-godigi-infotech-pune-0-to-1-years-201023500168
Java Developer,N/A,0-1 Yrs,"Goregaon, Mumbai (All Areas)",N/A,N/A,N/A,N/A,https://www.naukri.com/job-listings-java-developer-bct-consulting-goregaon-mumbai-all-areas-0-to-1-years-040625019032
Java Developer,N/A,0-5 Yrs,Bengaluru,N/A,N/A,N/A,N/A,https://www.naukri.com/job-listings-java-developer-logicoy-bengaluru-0-to-5-years-270824501739
JAVA DEVELOPER,N/A,0-1 Yrs,"Mumbai, Pune",N/A,N/A,N/A,N/A,https://www.naukri.com/job-listings-java-developer-godigi-infotech-mumbai-pune-0-to-1-years-100524501468
Java Developer,N/A,0-2 Yrs,"Bengaluru, Bengaluru",N/A,N/A,N/A,N/A,https://www.naukri.com/job-listings-java-developer-amiti-software-technologies-pvt-ltd-bengaluru-bengaluru-0-to-2-years-220715502109
Java Developer,N/A,0-3 Yrs,Madurai,N/A,N/A,N/A,N/A,https://www.naukri.com/job-listings-java-developer-meganar-technologies-madurai-0-to-3-years-190525907719
Java Developer,N/A,0-3 Yrs,"Hyderabad, Chennai, Bengaluru",N/A,N/A,N/A,N/A,https://www.naukri.com/job-listings-java-developer-oracle-hyderabad-chennai-bengaluru-0-to-3-years-050625001011
Java Developer,N/A,0-2 Yrs,Bengaluru,N/A,N/A,N/A,N/A,https://www.naukri.com/job-listings-java-developer-amiti-software-technologies-pvt-ltd-bengaluru-0-to-2-years-050216501714
